time,NUM,Model,caseID,Target,MAE,MSE,RMSE
2025-01-01 14:20:00,1.0,linear,28,MK-SURF_STR_1,0.1352,0.0508,0.2254
2025-01-04 10:24:00,1.0,linear,29,MK-SURF_STR_1,0.1298,0.1246,0.3529
2025-02-09 19:22:00,1.0,linear,30,MK-SURF_STR_1,0.1775,0.0574,0.2396
2025-03-08 09:22:00,1.0,linear,31,MK-SURF_STR_1,0.1748,0.1399,0.374
2025-03-28 21:23:00,1.0,linear,32,MK-SURF_STR_1,0.1717,0.2571,0.507
2025-05-16 06:22:00,1.0,linear,33,MK-SURF_STR_1,0.1623,0.1769,0.4206
2025-05-21 08:23:00,1.0,linear,34,MK-SURF_STR_1,0.146,0.0679,0.2606
2025-06-23 10:25:00,1.0,linear,35,MK-SURF_STR_1,0.1434,0.0492,0.2217
2025-06-29 08:24:00,1.0,linear,36,MK-SURF_STR_1,0.1576,0.1095,0.3309
2025-07-20 10:21:00,1.0,linear,37,MK-SURF_STR_1,0.323,0.1607,0.4009
2025-07-27 11:21:00,1.0,linear,38,MK-SURF_STR_1,0.1315,0.0415,0.2037
2025-10-19 19:23:00,2.0,linear,51,MK-SURF_STR_1,0.1046,0.0284,0.1684
2025-11-02 12:25:00,2.0,linear,52,MK-SURF_STR_1,0.1716,0.117,0.3421
2025-04-11 10:20:00,3.0,linear,54,MK-SURF_STR_1,0.2204,0.1174,0.3426
2025-06-22 11:22:00,3.0,linear,55,MK-SURF_STR_1,0.2881,0.6321,0.795
2025-07-20 08:23:00,3.0,linear,56,MK-SURF_STR_1,0.2156,0.3186,0.5644
2025-11-26 19:23:00,3.0,linear,57,MK-SURF_STR_1,0.2115,0.0776,0.2785
2025-12-02 09:27:00,3.0,linear,58,MK-SURF_STR_1,0.21,0.2042,0.4519
2025-12-06 09:22:00,3.0,linear,59,MK-SURF_STR_1,0.4187,1.2567,1.121
2025-12-08 01:23:00,3.0,linear,60,MK-SURF_STR_1,0.1712,0.0799,0.2827
2025-01-18 10:22:00,4.0,linear,94,MK-SURF_STR_1,0.2779,0.7341,0.8568
2025-01-20 01:21:00,4.0,linear,95,MK-SURF_STR_1,0.2424,0.7459,0.8637
2025-01-30 12:23:00,4.0,linear,96,MK-SURF_STR_1,0.2104,0.2276,0.4771
2025-04-13 12:21:00,4.0,linear,97,MK-SURF_STR_1,0.2466,0.4698,0.6854
2025-05-26 12:22:00,4.0,linear,98,MK-SURF_STR_1,0.3421,1.0467,1.0231
2025-05-28 11:50:00,4.0,linear,99,MK-SURF_STR_1,0.4505,1.9989,1.4138
2025-05-30 10:21:00,4.0,linear,100,MK-SURF_STR_1,0.4568,3.7066,1.9252
2025-06-01 13:22:00,4.0,linear,101,MK-SURF_STR_1,0.1953,0.1802,0.4245
2025-06-03 10:22:00,4.0,linear,102,MK-SURF_STR_1,0.1901,0.3532,0.5943
2025-06-05 09:22:00,4.0,linear,103,MK-SURF_STR_1,0.4095,1.8634,1.3651
2025-12-02 01:21:00,4.0,linear,104,MK-SURF_STR_1,0.2611,0.2838,0.5327
2025-12-07 10:23:00,4.0,linear,105,MK-SURF_STR_1,0.1834,0.2287,0.4783
2025-12-14 10:22:00,4.0,linear,106,MK-SURF_STR_1,0.1789,0.3019,0.5494
2025-01-01 14:20:00,1.0,linear,28,MK-SURF_STR_2,0.0054,0.0001,0.0089
2025-01-04 10:24:00,1.0,linear,29,MK-SURF_STR_2,0.0049,0.0001,0.0087
2025-02-09 19:22:00,1.0,linear,30,MK-SURF_STR_2,0.0056,0.0001,0.0109
2025-03-08 09:22:00,1.0,linear,31,MK-SURF_STR_2,0.0056,0.0001,0.0095
2025-03-28 21:23:00,1.0,linear,32,MK-SURF_STR_2,0.0065,0.0026,0.0507
2025-05-16 06:22:00,1.0,linear,33,MK-SURF_STR_2,0.0049,0.0001,0.0083
2025-05-21 08:23:00,1.0,linear,34,MK-SURF_STR_2,0.0051,0.0001,0.0089
2025-06-23 10:25:00,1.0,linear,35,MK-SURF_STR_2,0.0049,0.0001,0.0082
2025-06-29 08:24:00,1.0,linear,36,MK-SURF_STR_2,0.0054,0.0001,0.0096
2025-07-20 10:21:00,1.0,linear,37,MK-SURF_STR_2,0.0057,0.0001,0.0091
2025-07-27 11:21:00,1.0,linear,38,MK-SURF_STR_2,0.0048,0.0001,0.0081
2025-10-19 19:23:00,2.0,linear,51,MK-SURF_STR_2,0.0037,0.0,0.0051
2025-11-02 12:25:00,2.0,linear,52,MK-SURF_STR_2,0.0046,0.0001,0.0075
2025-04-11 10:20:00,3.0,linear,54,MK-SURF_STR_2,0.005,0.0001,0.0098
2025-06-22 11:22:00,3.0,linear,55,MK-SURF_STR_2,0.0044,0.0001,0.0079
2025-07-20 08:23:00,3.0,linear,56,MK-SURF_STR_2,0.0051,0.0001,0.0093
2025-11-26 19:23:00,3.0,linear,57,MK-SURF_STR_2,0.0063,0.0024,0.0494
2025-12-02 09:27:00,3.0,linear,58,MK-SURF_STR_2,0.0049,0.0001,0.0091
2025-12-06 09:22:00,3.0,linear,59,MK-SURF_STR_2,0.0056,0.0002,0.0137
2025-12-08 01:23:00,3.0,linear,60,MK-SURF_STR_2,0.0046,0.0001,0.0096
2025-01-18 10:22:00,4.0,linear,94,MK-SURF_STR_2,0.0025,0.0001,0.0088
2025-01-20 01:21:00,4.0,linear,95,MK-SURF_STR_2,0.0011,0.0,0.0019
2025-01-30 12:23:00,4.0,linear,96,MK-SURF_STR_2,0.0015,0.0,0.0032
2025-04-13 12:21:00,4.0,linear,97,MK-SURF_STR_2,0.0014,0.0,0.0025
2025-05-26 12:22:00,4.0,linear,98,MK-SURF_STR_2,0.0028,0.0001,0.0077
2025-05-28 11:50:00,4.0,linear,99,MK-SURF_STR_2,0.0034,0.0001,0.0102
2025-05-30 10:21:00,4.0,linear,100,MK-SURF_STR_2,0.003,0.0001,0.0115
2025-06-01 13:22:00,4.0,linear,101,MK-SURF_STR_2,0.0012,0.0,0.002
2025-06-03 10:22:00,4.0,linear,102,MK-SURF_STR_2,0.0014,0.0,0.004
2025-06-05 09:22:00,4.0,linear,103,MK-SURF_STR_2,0.0026,0.0001,0.0087
2025-12-02 01:21:00,4.0,linear,104,MK-SURF_STR_2,0.0016,0.0,0.0031
2025-12-07 10:23:00,4.0,linear,105,MK-SURF_STR_2,0.0013,0.0,0.0024
2025-12-14 10:22:00,4.0,linear,106,MK-SURF_STR_2,0.0012,0.0,0.0022
2025-01-01 14:20:00,1.0,linear,28,MK-BORE_STR_1,0.0303,0.0023,0.0475
2025-01-04 10:24:00,1.0,linear,29,MK-BORE_STR_1,0.0306,0.0024,0.0495
2025-02-09 19:22:00,1.0,linear,30,MK-BORE_STR_1,0.0321,0.0024,0.0489
2025-03-08 09:22:00,1.0,linear,31,MK-BORE_STR_1,0.0342,0.0033,0.0572
2025-03-28 21:23:00,1.0,linear,32,MK-BORE_STR_1,0.0296,0.0024,0.0492
2025-05-16 06:22:00,1.0,linear,33,MK-BORE_STR_1,0.0326,0.003,0.0551
2025-05-21 08:23:00,1.0,linear,34,MK-BORE_STR_1,0.034,0.0029,0.0536
2025-06-23 10:25:00,1.0,linear,35,MK-BORE_STR_1,0.0339,0.0025,0.0496
2025-06-29 08:24:00,1.0,linear,36,MK-BORE_STR_1,0.0346,0.0028,0.0525
2025-07-20 10:21:00,1.0,linear,37,MK-BORE_STR_1,0.0806,0.0204,0.1428
2025-07-27 11:21:00,1.0,linear,38,MK-BORE_STR_1,0.0293,0.002,0.0444
2025-10-19 19:23:00,2.0,linear,51,MK-BORE_STR_1,0.0297,0.0022,0.0466
2025-11-02 12:25:00,2.0,linear,52,MK-BORE_STR_1,0.0952,0.1054,0.3246
2025-04-11 10:20:00,3.0,linear,54,MK-BORE_STR_1,0.0329,0.003,0.0544
2025-06-22 11:22:00,3.0,linear,55,MK-BORE_STR_1,0.043,0.0062,0.0787
2025-07-20 08:23:00,3.0,linear,56,MK-BORE_STR_1,0.037,0.0034,0.0587
2025-11-26 19:23:00,3.0,linear,57,MK-BORE_STR_1,0.0347,0.0027,0.0517
2025-12-02 09:27:00,3.0,linear,58,MK-BORE_STR_1,0.0419,0.0049,0.0703
2025-12-06 09:22:00,3.0,linear,59,MK-BORE_STR_1,0.0503,0.0105,0.1026
2025-12-08 01:23:00,3.0,linear,60,MK-BORE_STR_1,0.0431,0.0046,0.0678
2025-01-18 10:22:00,4.0,linear,94,MK-BORE_STR_1,0.0422,0.0085,0.0922
2025-01-20 01:21:00,4.0,linear,95,MK-BORE_STR_1,0.0395,0.006,0.0776
2025-01-30 12:23:00,4.0,linear,96,MK-BORE_STR_1,0.0397,0.0056,0.0751
2025-04-13 12:21:00,4.0,linear,97,MK-BORE_STR_1,0.0425,0.0053,0.0725
2025-05-26 12:22:00,4.0,linear,98,MK-BORE_STR_1,0.0537,0.0107,0.1033
2025-05-28 11:50:00,4.0,linear,99,MK-BORE_STR_1,0.065,0.017,0.1303
2025-05-30 10:21:00,4.0,linear,100,MK-BORE_STR_1,0.0511,0.0114,0.1068
2025-06-01 13:22:00,4.0,linear,101,MK-BORE_STR_1,0.0326,0.0027,0.0516
2025-06-03 10:22:00,4.0,linear,102,MK-BORE_STR_1,0.0359,0.0036,0.0601
2025-06-05 09:22:00,4.0,linear,103,MK-BORE_STR_1,0.0595,0.0164,0.1281
2025-12-02 01:21:00,4.0,linear,104,MK-BORE_STR_1,0.0391,0.0044,0.0663
2025-12-07 10:23:00,4.0,linear,105,MK-BORE_STR_1,0.0358,0.0036,0.06
2025-12-14 10:22:00,4.0,linear,106,MK-BORE_STR_1,0.0378,0.0041,0.0638
2025-01-01 14:20:00,1.0,linear,28,MK-SURF_STR_3,0.0054,0.0001,0.009
2025-01-04 10:24:00,1.0,linear,29,MK-SURF_STR_3,0.0049,0.0001,0.0087
2025-02-09 19:22:00,1.0,linear,30,MK-SURF_STR_3,0.0056,0.0001,0.0109
2025-03-08 09:22:00,1.0,linear,31,MK-SURF_STR_3,0.0056,0.0001,0.0096
2025-03-28 21:23:00,1.0,linear,32,MK-SURF_STR_3,0.0065,0.0026,0.0509
2025-05-16 06:22:00,1.0,linear,33,MK-SURF_STR_3,0.0049,0.0001,0.0083
2025-05-21 08:23:00,1.0,linear,34,MK-SURF_STR_3,0.005,0.0001,0.0088
2025-06-23 10:25:00,1.0,linear,35,MK-SURF_STR_3,0.0049,0.0001,0.0082
2025-06-29 08:24:00,1.0,linear,36,MK-SURF_STR_3,0.0054,0.0001,0.0097
2025-07-20 10:21:00,1.0,linear,37,MK-SURF_STR_3,0.0059,0.0001,0.0092
2025-07-27 11:21:00,1.0,linear,38,MK-SURF_STR_3,0.0048,0.0001,0.0081
2025-10-19 19:23:00,2.0,linear,51,MK-SURF_STR_3,0.0037,0.0,0.0051
2025-11-02 12:25:00,2.0,linear,52,MK-SURF_STR_3,0.0046,0.0001,0.0073
2025-04-11 10:20:00,3.0,linear,54,MK-SURF_STR_3,0.005,0.0001,0.0097
2025-06-22 11:22:00,3.0,linear,55,MK-SURF_STR_3,0.0045,0.0001,0.008
2025-07-20 08:23:00,3.0,linear,56,MK-SURF_STR_3,0.0051,0.0001,0.0093
2025-11-26 19:23:00,3.0,linear,57,MK-SURF_STR_3,0.0062,0.0024,0.0494
2025-12-02 09:27:00,3.0,linear,58,MK-SURF_STR_3,0.0049,0.0001,0.0091
2025-12-06 09:22:00,3.0,linear,59,MK-SURF_STR_3,0.0055,0.0002,0.0135
2025-12-08 01:23:00,3.0,linear,60,MK-SURF_STR_3,0.0046,0.0001,0.0095
2025-01-18 10:22:00,4.0,linear,94,MK-SURF_STR_3,0.0024,0.0001,0.0084
2025-01-20 01:21:00,4.0,linear,95,MK-SURF_STR_3,0.0011,0.0,0.0019
2025-01-30 12:23:00,4.0,linear,96,MK-SURF_STR_3,0.0015,0.0,0.0032
2025-04-13 12:21:00,4.0,linear,97,MK-SURF_STR_3,0.0015,0.0,0.0027
2025-05-26 12:22:00,4.0,linear,98,MK-SURF_STR_3,0.0027,0.0,0.007
2025-05-28 11:50:00,4.0,linear,99,MK-SURF_STR_3,0.0032,0.0001,0.0086
2025-05-30 10:21:00,4.0,linear,100,MK-SURF_STR_3,0.0029,0.0001,0.0102
2025-06-01 13:22:00,4.0,linear,101,MK-SURF_STR_3,0.0012,0.0,0.002
2025-06-03 10:22:00,4.0,linear,102,MK-SURF_STR_3,0.0014,0.0,0.004
2025-06-05 09:22:00,4.0,linear,103,MK-SURF_STR_3,0.0024,0.0,0.0067
2025-12-02 01:21:00,4.0,linear,104,MK-SURF_STR_3,0.0015,0.0,0.0031
2025-12-07 10:23:00,4.0,linear,105,MK-SURF_STR_3,0.0013,0.0,0.0024
2025-12-14 10:22:00,4.0,linear,106,MK-SURF_STR_3,0.0012,0.0,0.0021
2025-01-01 14:20:00,1.0,linear,28,MK-BORE_STR_2,0.0147,0.0006,0.025
2025-01-04 10:24:00,1.0,linear,29,MK-BORE_STR_2,0.0137,0.0008,0.0278
2025-02-09 19:22:00,1.0,linear,30,MK-BORE_STR_2,0.0181,0.0017,0.0414
2025-03-08 09:22:00,1.0,linear,31,MK-BORE_STR_2,0.0163,0.001,0.0311
2025-03-28 21:23:00,1.0,linear,32,MK-BORE_STR_2,0.0172,0.0015,0.0384
2025-05-16 06:22:00,1.0,linear,33,MK-BORE_STR_2,0.0176,0.0012,0.0342
2025-05-21 08:23:00,1.0,linear,34,MK-BORE_STR_2,0.0164,0.0009,0.0307
2025-06-23 10:25:00,1.0,linear,35,MK-BORE_STR_2,0.0195,0.0014,0.0369
2025-06-29 08:24:00,1.0,linear,36,MK-BORE_STR_2,0.0204,0.0018,0.0429
2025-07-20 10:21:00,1.0,linear,37,MK-BORE_STR_2,0.0402,0.0028,0.0526
2025-07-27 11:21:00,1.0,linear,38,MK-BORE_STR_2,0.0155,0.0008,0.0278
2025-10-19 19:23:00,2.0,linear,51,MK-BORE_STR_2,0.0185,0.0016,0.0402
2025-11-02 12:25:00,2.0,linear,52,MK-BORE_STR_2,0.0316,0.0075,0.0865
2025-04-11 10:20:00,3.0,linear,54,MK-BORE_STR_2,0.013,0.0005,0.0214
2025-06-22 11:22:00,3.0,linear,55,MK-BORE_STR_2,0.0217,0.0017,0.0415
2025-07-20 08:23:00,3.0,linear,56,MK-BORE_STR_2,0.0155,0.0007,0.0264
2025-11-26 19:23:00,3.0,linear,57,MK-BORE_STR_2,0.0192,0.001,0.032
2025-12-02 09:27:00,3.0,linear,58,MK-BORE_STR_2,0.0166,0.0011,0.0328
2025-12-06 09:22:00,3.0,linear,59,MK-BORE_STR_2,0.0297,0.004,0.0633
2025-12-08 01:23:00,3.0,linear,60,MK-BORE_STR_2,0.018,0.0015,0.0382
2025-01-18 10:22:00,4.0,linear,94,MK-BORE_STR_2,0.0271,0.005,0.0706
2025-01-20 01:21:00,4.0,linear,95,MK-BORE_STR_2,0.0179,0.001,0.0321
2025-01-30 12:23:00,4.0,linear,96,MK-BORE_STR_2,0.0264,0.0024,0.0493
2025-04-13 12:21:00,4.0,linear,97,MK-BORE_STR_2,0.0317,0.0037,0.0612
2025-05-26 12:22:00,4.0,linear,98,MK-BORE_STR_2,0.0364,0.0052,0.072
2025-05-28 11:50:00,4.0,linear,99,MK-BORE_STR_2,0.0343,0.0047,0.0685
2025-05-30 10:21:00,4.0,linear,100,MK-BORE_STR_2,0.029,0.0039,0.0622
2025-06-01 13:22:00,4.0,linear,101,MK-BORE_STR_2,0.0188,0.0011,0.0336
2025-06-03 10:22:00,4.0,linear,102,MK-BORE_STR_2,0.0211,0.0015,0.0388
2025-06-05 09:22:00,4.0,linear,103,MK-BORE_STR_2,0.0345,0.0053,0.0727
2025-12-02 01:21:00,4.0,linear,104,MK-BORE_STR_2,0.0285,0.0028,0.0531
2025-12-07 10:23:00,4.0,linear,105,MK-BORE_STR_2,0.0277,0.003,0.0544
2025-12-14 10:22:00,4.0,linear,106,MK-BORE_STR_2,0.0286,0.003,0.0551
2025-01-01 14:20:00,1.0,linear,28,MK-BORE_STR_3,0.0147,0.0007,0.0259
2025-01-04 10:24:00,1.0,linear,29,MK-BORE_STR_3,0.0132,0.0008,0.0285
2025-02-09 19:22:00,1.0,linear,30,MK-BORE_STR_3,0.0192,0.0023,0.0476
2025-03-08 09:22:00,1.0,linear,31,MK-BORE_STR_3,0.0166,0.0011,0.0327
2025-03-28 21:23:00,1.0,linear,32,MK-BORE_STR_3,0.0184,0.0019,0.0437
2025-05-16 06:22:00,1.0,linear,33,MK-BORE_STR_3,0.0176,0.0011,0.0337
2025-05-21 08:23:00,1.0,linear,34,MK-BORE_STR_3,0.0166,0.001,0.0321
2025-06-23 10:25:00,1.0,linear,35,MK-BORE_STR_3,0.0197,0.0013,0.0366
2025-06-29 08:24:00,1.0,linear,36,MK-BORE_STR_3,0.0211,0.0019,0.0432
2025-07-20 10:21:00,1.0,linear,37,MK-BORE_STR_3,0.0206,0.0011,0.0329
2025-07-27 11:21:00,1.0,linear,38,MK-BORE_STR_3,0.016,0.0008,0.0282
2025-10-19 19:23:00,2.0,linear,51,MK-BORE_STR_3,0.0194,0.0018,0.0421
2025-11-02 12:25:00,2.0,linear,52,MK-BORE_STR_3,0.0176,0.0013,0.0361
2025-04-11 10:20:00,3.0,linear,54,MK-BORE_STR_3,0.0131,0.0005,0.0217
2025-06-22 11:22:00,3.0,linear,55,MK-BORE_STR_3,0.0219,0.0015,0.039
2025-07-20 08:23:00,3.0,linear,56,MK-BORE_STR_3,0.0152,0.0007,0.0258
2025-11-26 19:23:00,3.0,linear,57,MK-BORE_STR_3,0.0188,0.0009,0.0308
2025-12-02 09:27:00,3.0,linear,58,MK-BORE_STR_3,0.0166,0.0011,0.0326
2025-12-06 09:22:00,3.0,linear,59,MK-BORE_STR_3,0.0308,0.0044,0.0667
2025-12-08 01:23:00,3.0,linear,60,MK-BORE_STR_3,0.0177,0.0013,0.0359
2025-01-18 10:22:00,4.0,linear,94,MK-BORE_STR_3,0.0265,0.0045,0.067
2025-01-20 01:21:00,4.0,linear,95,MK-BORE_STR_3,0.018,0.0009,0.0296
2025-01-30 12:23:00,4.0,linear,96,MK-BORE_STR_3,0.0277,0.0027,0.0519
2025-04-13 12:21:00,4.0,linear,97,MK-BORE_STR_3,0.0311,0.0035,0.0591
2025-05-26 12:22:00,4.0,linear,98,MK-BORE_STR_3,0.0371,0.0054,0.0737
2025-05-28 11:50:00,4.0,linear,99,MK-BORE_STR_3,0.0347,0.0046,0.0675
2025-05-30 10:21:00,4.0,linear,100,MK-BORE_STR_3,0.0299,0.004,0.0633
2025-06-01 13:22:00,4.0,linear,101,MK-BORE_STR_3,0.0186,0.0011,0.0327
2025-06-03 10:22:00,4.0,linear,102,MK-BORE_STR_3,0.0225,0.0019,0.0438
2025-06-05 09:22:00,4.0,linear,103,MK-BORE_STR_3,0.0351,0.0056,0.0746
2025-12-02 01:21:00,4.0,linear,104,MK-BORE_STR_3,0.0287,0.0027,0.0521
2025-12-07 10:23:00,4.0,linear,105,MK-BORE_STR_3,0.0269,0.0026,0.0513
2025-12-14 10:22:00,4.0,linear,106,MK-BORE_STR_3,0.0281,0.0028,0.0534
